Province,ID,Year,CO2,SO2,PM2.5,RGRPPC,POP,FDI,TO,T,EI,EU,KL
Anhui,24,2015,304.41,480072.79,63.6997,385527034599156,61440000,106486,849730614050649,2262.87,948717876459288,72.38,43865374808771
Beijing,6,2015,87.97,71171.67,79.83122,353753194173177,21710000,380963,192531802774529,4605,186031014544583,92.28,0.770538459936554
Chongqing,15,2015,116.86,495801.96,33.5479,47047114684946,30170000,78845,908791439929316,1468.57,437809873619613,82.44,284453294510686
Fujian,29,2015,228.66,337881.74,27.51966,526239188311688,38390000,196713,159262121279869,5561.4,743423999796569,75.26,256545394168825
Gansu,11,2015,168.93,570621.39,37.91699,105176676470588,26000000,7657,194429849047409,14.18,185902237623509,69.65,42117619879579
Guangdong,20,2015,507.05,678341.35,31.27493,64509922136011,108490000,644310,970742140912013,17884.66,562013704714636,83.98,208561701890499
Guangxi,19,2015,186.49,421198.7,32.53703,43136179491018,47960000,42529,929176605769783,1916.86,784643836868768,71.57,271818787789969
Guizhou,18,2015,208.23,852964.5,25.17089,101688717184265,35300000,18147,262242455329358,231.33,175603838081852,63.96,301572996341869
Hainan,30,2015,60.99,32300.6,17.90427,400878176870748,9110000,31174,217956431573211,248.52,711607390770719,75.57,212609383970355
Hebei,4,2015,719.67,1108370.93,72.61633,514811276102088,74250000,73624,813458430249744,501.91,845588108416575,70.31,600273295475273
Heilongjiang,1,2015,287.09,456331.21,54.25686,292797874787535,38120000,22302,33738700152073,395.33,585962020582007,76.40,322332349122296
Henan,23,2015,487.65,1144252.3,61.84441,865219139418255,94800000,68710,120236534814878,623.6,71823428534685,69.22,479001936653709
Hubei,22,2015,287.85,551358,54.95251,361533665133596,58520000,89231,543849980963898,1671.9,760175572696095,76.05,348336835282926
Hunan,21,2015,255.89,595473.42,42.29412,554273400290592,67830000,52147,43778390014342,857.72,460669750037985,70.01,328996296111748
Inner Mongolia,0,2015,579.85,1230945.68,32.9585,25695888,25110000,35142,11388394311176,962.49,22278236921083,77.26,739790127853147
Jiangsu,25,2015,664.53,835058.81,70.37717,397866257912458,79760000,782154,396155858773574,3527.29,631938512427372,77.99,360897722635528
Jiangxi,28,2015,175.52,528064.92,37.98927,420517286156568,45660000,72578,736821654520242,567,594876532573005,68.04,341949224178099
Jilin,2,2015,196.93,362928,61.47904,345455101125938,27530000,35230,213977080893052,724.14,479056931486833,72.85,428583979658926
Liaoning,3,2015,601.48,968766.93,57.92708,661769769103143,43820000,206639,934447212003584,1636.5,589000070704064,81.02,430471803546078
Ningxia,10,2015,157.43,357596.19,40.45409,282068595318431,6680000,8972,544618926564459,20.84,400833346061093,76.03,760205242610151
Qinghai,12,2015,38.98,150766,30.313,392760984745763,5880000,7396,303179168699673,38.76,240119090923716,69.99,888413570442888
Shaanxi,9,2015,370.14,735017.21,43.97401,361104950024378,37930000,51571,407281672427701,2000.22,909499957371743,75.82,451427779998457
Shandong,7,2015,1105.30,1525670.1,68.26188,702351473516527,98470000,219334,238973713132312,2896.48,752136675164676,73.09,56578147968072
Shanghai,26,2015,233.29,170843.52,67.83926,402607332601537,24150000,661273,277559229519804,5860.44,322911330112407,94.27,122878691578466
Shanxi,8,2015,591.43,1120643.18,40.61946,666081585829643,36640000,41107,266324319404212,297.1,192987804133748,72.04,557854183165826
Sichuan,16,2015,283.85,717584.45,31.28165,63257043688433,82040000,88409,890612518105294,1180.87,105653829763481,63.98,361125049262092
Tianjin,5,2015,165.15,185900.43,83.91239,165913746774194,15470000,181328,682669916355059,3298.11,382893760898893,89.28,356187133122917
Xinjiang,13,2015,368.12,778330.32,56.23491,764110265029789,23600000,8518,314638621198401,555.89,267446047242576,70.00,450445600413089
Yunnan,17,2015,162.44,583739.22,17.29304,346340640283843,47420000,32720,545514192975272,2875.5,190868618177945,66.93,388449265519904
Zhejiang,27,2015,358.76,537826.34,41.86939,391281282004197,55390000,291813,285136046832446,6788.47,711415554355374,75.91,259919412116311
Anhui,24,2014,302.97,492965.67,61.95179,363790566977533,60830000,48026,895979909588718,1840.26,988613603174638,72.17,424357805137559
Beijing,6,2014,94.78,78906.3,80.748765,338210692092717,21520000,201027,262147259675196,4608,173163856521653,92.23,0.816618970810136
Chongqing,15,2014,116.09,526944.28,37.49535,461807067549669,29910000,67517,125341347464637,1354.44,481596249014285,81.99,270692540643927
Fujian,29,2014,235.31,355957.2,28.52305,485205398899587,38060000,173245,176145757741757,4911.8,793126566643105,75.85,267322158555412
Gansu,11,2014,174.48,575648.72,43.144645,101871563612393,25910000,6764,205741443381082,10.17,185099845015624,68.67,422971152766865
Guangdong,20,2014,505.29,730146.58,32.72108,641454317923024,107240000,562063,107173666252805,17106.36,59481550457921,83.43,215092028607322
Guangxi,19,2014,193.73,466588.74,35.452565,408364516616314,47540000,37396,772783598905377,1572.07,85227642373745,71.97,310327264244215
Guizhou,18,2014,209.19,925787.1,27.4065,947421405605936,35080000,15472,256590195697699,188.8,192597125740785,64.40,302410684516133
Hainan,30,2014,54.29,32563.91,18.829905,384989571183534,9030000,27888,257690409861003,268.63,713972072904271,70.02,197991169099805
Hebei,4,2014,727.03,1189902.56,76.465165,469157516549649,73840000,62135,941404636476348,534.19,863820923107857,70.41,66783736755849
Heilongjiang,1,2014,288.03,472248.4,45.68783,258672371721779,38330000,23983,610111945175357,563.56,585212517040339,76.11,335598872640883
Henan,23,2014,483.53,1198182.7,66.58842,801341211055276,94360000,58878,110051795318505,538.37,795248026351661,68.43,481629583516536
Hubei,22,2014,290.47,583759.24,54.40895,310004502421841,58160000,77671,546592573066153,1238.51,844205643846999,74.88,363124371631296
Hunan,21,2014,241.29,623688.6,43.1389,521527376453488,67370000,46307,481684655223811,799.99,494396543744778,71.75,338492416369357
Inner Mongolia,0,2014,581.10,1312436.37,31.19389,258787803936704,25050000,26449,128391931343331,1002.96,220443998135425,77.17,744276940924611
Jiangsu,25,2014,643.51,904740.62,68.138805,39192884656013,79600000,718131,433349482677136,3032.71,681578743415852,77.81,36066372195624
Jiangxi,28,2014,167.83,534414.92,38.307195,394415729553214,45420000,67025,849364663339034,556.87,620244965263604,67.92,324439398374137
Jilin,2,2014,211.44,372256,52.52987,323326714345814,27520000,33328,311696232563946,583.9,537699760376523,73.99,479941505755079
Liaoning,3,2014,611.11,994597.4,51.848305,618986186963819,43910000,198641,109509906265084,1618,585033317399257,81.80,455894457655021
Ningxia,10,2014,150.96,377055.54,44.2894,265873746287654,6620000,5164,82014254713489,18.48,427824779346957,73.74,669845160378025
Qinghai,12,2014,42.57,154276,34.75995,395904952132289,5830000,3095,274958287058721,24.74,258553260135981,69.91,787912701292177
Shaanxi,9,2014,376.24,780954.38,47.9751,345411390663391,37750000,44734,365130087259735,1768.73,92970793548555,75.49,436904533862178
Shandong,7,2014,1033.76,1590236.96,69.94405,698610043912176,97890000,199227,28609336496437,2330.1,632175451576239,73.33,556419861918083
Shanghai,26,2014,224.55,188149.16,64.247165,379313842746401,24260000,530467,303344504757275,5601.85,344711416177741,94.48,12650748246155
Shanxi,8,2014,599.34,1208225.28,43.661205,620613977929585,36480000,39119,290817747857111,280.73,210964111776948,70.69,567850260252508
Sichuan,16,2014,298.65,796401.53,37.145225,596461214628665,81400000,82752,125239049620541,857.68,109524350538356,64.04,378156809970374
Tianjin,5,2014,169.91,209200,87.492295,151760436101083,15170000,144146,809847732699399,2992.1,404764715884767,89.38,382920386438443
Xinjiang,13,2014,364.04,852981.33,56.43828,715034340958606,22980000,7586,430700614505122,497.04,229825670239046,69.81,473196965228814
Yunnan,17,2014,181.83,636683.23,19.284185,343948810307018,47140000,25253,68619266532039,2420.65,203458974102918,65.74,416043763813674
Zhejiang,27,2014,353.83,574012.17,43.552125,392890333942082,55080000,262881,305964493197284,5753.48,732602908968968,77.14,267017507544804
Anhui,24,2013,292.29,501349.13,60.20388,332492510464252,60300000,41612,100448282079152,1660.42,117271190753684,72.20,433422328619829
Beijing,6,2013,91.65,87041.62,81.66631,27859056053068,21150000,177105,294968115541549,4794.68,177683605449263,92.71,0.882167644866778
Chongqing,15,2013,108.54,547686.6,41.4428,414760616365569,29700000,58841,100538545207891,1268.31,505025939141597,81.87,263033719328674
Fujian,29,2013,199.56,361003.48,28.58495,427612301431281,37740000,156516,184723265007151,4573.38,835649298042223,76.39,252936354792926
Gansu,11,2013,174.33,561980.82,48.3723,949082182065217,25820000,6510,266925727126,20.39,197453880881988,66.96,425256979008873
Guangdong,20,2013,503.55,761896.6,34.16723,603220641457859,106440000,512640,117604034200876,16278.07,637988811878149,86.36,213861459917611
Guangxi,19,2013,192.10,471986.8,38.3681,380045281345566,47190000,31927,675857948197433,1547.3,89833902212307,72.37,321478399216742
Guizhou,18,2013,216.83,986423.12,28.83724,875276208695652,35020000,11856,227785470943187,201.43,214168983580489,64.52,311924588154717
Hainan,30,2013,48.02,32414.15,19.75554,350735629757785,8950000,26994,268880637685647,337.48,754725624625458,71.43,211178889650446
Hebei,4,2013,763.17,1284697.46,80.314,420040430976431,73330000,54542,900043846132587,585.78,911600291500634,70.63,615407374777453
Heilongjiang,1,2013,285.02,489093.76,37.1188,223743432324386,38350000,22794,650943606457001,604.36,596022411874333,75.30,335302754177469
Henan,23,2013,471.05,1253983.82,71.33243,729543531175211,94130000,47787,11085966584568,659.98,915088479561611,68.91,459481368231519
Hubei,22,2013,286.37,599352.87,53.86539,309924325519682,57990000,65357,523033981173975,1218.92,902221472303558,74.36,399831031735493
Hunan,21,2013,249.37,641321.4,43.98368,493597522719011,66910000,40486,432430075428178,822.69,566034247529399,71.43,336126411511154
Inner Mongolia,0,2013,571.36,1358691.74,30.29193,235754980635167,24980000,22911,112839513841686,962.29,218518231519408,80.00,692808409783064
Jiangsu,25,2013,643.05,941679.5,65.90044,375073771989636,79390000,666376,464152831852356,2379.89,74599357957318,77.48,372173993823536
Jiangxi,28,2013,165.78,557703.6,38.62512,357911287550441,45220000,58770,72891752693395,525.08,624633511854415,67.68,322465747589152
Jilin,2,2013,213.37,381452.65,43.5807,298606230557321,27510000,31779,321734104402498,552.37,57344986975479,73.82,45639471492134
Liaoning,3,2013,610.68,1027044.7,45.76953,570624502066892,43900000,183207,116671034932869,3477.14,586774419817607,82.45,468698640740626
Ningxia,10,2013,148.78,389712.3,48.12471,243253817580542,6540000,3537,520504885546851,12.08,444482685859251,74.61,638017800805397
Qinghai,12,2013,45.25,156694,39.51677,356338026060071,5780000,2981,245875195293214,19.42,301432687246559,70.02,716909762149731
Shaanxi,9,2013,358.23,806152.32,51.97619,315682269643518,37640000,36629,298346483082511,1676.19,968498428885166,75.27,341900125341368
Shandong,7,2013,962.64,1644967.9,71.62622,653491650920737,97330000,176491,297629937887393,2731.2,662330065401647,74.13,500304484131409
Shanghai,26,2013,246.15,215848.15,60.65507,342630712849162,24150000,457933,309937422485114,5244.7,453578204498153,94.56,14882905260191
Shanxi,8,2013,586.30,1255426.92,46.70295,563514984101749,36300000,34182,288219153351988,822.68,216011639252912,70.23,509458896693412
Sichuan,16,2013,284.61,816706.1,43.88,550539491626426,81070000,72490,125755914103389,764.76,102818178373972,64.36,362331427486655
Tianjin,5,2013,177.37,216832.7,91.722,132892338721012,14720000,127423,832380398307798,2591.28,446841887801769,89.62,389202243689623
Xinjiang,13,2013,333.90,829431.8,56.64165,668810429428883,22640000,6453,475505403367592,585.02,20673337040466,70.93,436740250667272
Yunnan,17,2013,202.00,663091.24,21.27533,33682375399449,46870000,24097,639496893578187,2418.18,191250889833333,67.85,378585660715285
Zhejiang,27,2013,360.65,593363.79,45.23486,367188663363755,54980000,240408,308659423511135,5392.93,800028339354533,77.28,269829393847753
Anhui,24,2012,269.97,519589.35,51.39238,307527474484372,59880000,39962,880280488253778,1562.67,104833086731414,74.70,491734597451687
Beijing,6,2012,103.76,93849.39,68.13074,281565381596526,20690000,149355,307175882984078,5149,167674884851565,93.33,0.988879741203669
Chongqing,15,2012,128.15,564776.63,39.69611,375788318678391,29450000,53694,886659834898093,1168.32,481195939867237,81.50,263458704469281
Fujian,29,2012,206.83,371251.34,27.10461,381978350579685,37480000,145744,191344936218745,4225.67,841973446276708,75.54,255120193943214
Gansu,11,2012,167.78,572489.4,38.15121,890911779193206,25780000,6979,262524769775417,22.35,196422256722689,66.85,499346316555458
Guangdong,20,2012,507.99,799223.24,33.67723,5519266894509,105940000,478645,118342178309539,15610.67,646514433914423,86.43,323250685094359
Guangxi,19,2012,195.48,504123.33,39.69366,35537029366306,46820000,31143,687968810019245,1278.87,894943141236966,70.81,38985490269578
Guizhou,18,2012,208.48,1041086.62,31.71936,825388263865546,34840000,7670,217626096770226,168.94,231164845448774,65.82,33496692861521
Hainan,30,2012,53.57,34136.86,15.8954,321423448516579,8870000,27072,288851623733849,348.02,691938051016938,72.26,203581625441696
Hebei,4,2012,764.93,1341201.15,66.47849,378584189473684,72880000,48960,896376588515891,544.94,914078395095197,71.13,648957594963099
Heilongjiang,1,2012,306.26,514299.73,26.87811,192257471871412,38340000,22247,684251188624758,835.48,634436595320204,75.94,35140454464126
Henan,23,2012,481.30,1275909.33,57.9361,66643122449495,94060000,46341,106147824976726,611.41,90814384623084,68.40,48933887438551
Hubei,22,2012,323.75,622367.29,46.17758,280481879662522,57790000,58274,527955863372811,1202.97,984890781506001,74.16,456646173415306
Hunan,21,2012,256.42,644959.47,45.86802,451247063636364,66390000,38381,422488702452111,928.36,579067751744937,70.57,365169859631476
Inner Mongolia,0,2012,581.19,1384928.33,25.19573,213911947633825,24900000,25802,11459311992127,771.96,201931612409277,80.18,744440612233949
Jiangsu,25,2012,627.66,991966.79,54.96264,355894624588364,79200000,625000,518768178745142,6299.72,744278003159289,77.37,659549300864736
Jiangxi,28,2012,155.40,567687.21,38.25901,327772839283025,45040000,53857,751623027592191,484.73,526165644388906,67.56,38855122510281
Jilin,2,2012,221.62,403482.25,34.45742,270397739427595,27500000,23890,343435991209164,494.77,551522098043569,73.60,551162286643186
Liaoning,3,2012,647.27,1058712.3,36.81617,524618011704739,43890000,185564,118988839261327,3263.69,584006091397783,83.10,515687658299811
Ningxia,10,2012,139.41,406633.25,37.62959,216126974887315,6470000,3098,393554975556455,5.45,437491285185777,75.54,675142955169259
Qinghai,12,2012,41.02,153853.33,31.24288,324860192566055,5730000,2829,227201105243002,24.32,302048637964253,68.39,689888186679631
Shaanxi,9,2012,340.83,843755.44,42.39182,289092781079742,37530000,31130,248466968306276,1597.47,94339384507024,74.95,516073772534685
Shandong,7,2012,985.82,1748806.99,61.67926,619896534939759,96850000,158114,305826371947194,2923.65,651275630546871,73.71,590145349025641
Shanghai,26,2012,234.77,228218.29,48.78886,312831440811725,23800000,413768,333726805531884,5493.23,451124588848196,94.63,185952644209484
Shanxi,8,2012,581.40,1301755,39.4047,514178004268943,36110000,31963,289660682179602,720.24,207473171290346,70.34,504150391894774
Sichuan,16,2012,274.12,864440.44,40.69065,50656315074858,80760000,64045,129077074765443,798.15,85766419371492,64.20,446538977249998
Tianjin,5,2012,171.90,224521.4,68.45052,119114603777473,14130000,118913,818899294982039,2226.41,468440315632527,90.15,404686410366005
Xinjiang,13,2012,297.04,796128.41,48.7407,619943679021362,22330000,6655,488839581724371,550.57,14496573337325,71.50,409168383592433
Yunnan,17,2012,205.52,672215.92,18.65683,327662454998615,46590000,22561,613441060655576,1947.08,152333479575063,64.25,364573432825556
Zhejiang,27,2012,359.09,625766.42,40.99053,34660813771518,54770000,217810,317935705030686,5151.74,79813124666366,77.62,289597072906315
Anhui,24,2011,260.58,529473.84,56.11884,273091796335748,59680000,32884,826666759464156,1179.18,111944889569541,72.89,504181392833335
Beijing,6,2011,104.65,97883.33,77.22371,244780957104558,20190000,134364,328766916258681,5416,170086225502416,93.15,10074514771573
Chongqing,15,2011,129.61,586929.7,39.6739,318868865615816,29190000,45194,574497107503156,968.06,606976253950832,82.06,26721898411574
Fujian,29,2011,207.46,389174.59,27.94358,333947696075026,37200000,136898,201302972135916,3634.44,922003863040132,76.07,282059120200503
Gansu,11,2011,164.06,623902.18,41.98366,80112778302583,25640000,6394,302774628246173,17.4,215165820179965,66.36,535653214774282
Guangdong,20,2011,514.10,847727.6,34.31068,485213825233858,105050000,452466,122152912282751,13906.19,748940532149778,86.49,370686290337046
Guangxi,19,2011,175.56,521022.51,37.99257,31232582942097,46450000,29942,62849359216575,1051.88,931379367716417,69.96,381695314043501
Guizhou,18,2011,191.12,1104284,31.27011,779849128248828,34690000,5681,200435293490939,135.07,252282283458627,64.60,286872695018907
Hainan,30,2011,51.22,32572.39,19.98828,279588691901408,8770000,22066,301670280786471,376.15,72144265165118,71.83,210145684980728
Hebei,4,2011,756.99,1412128.73,70.25429,328582194587187,72410000,45700,107413180758202,447.65,996425035184276,71.63,659142893304645
Heilongjiang,1,2011,293.36,521896.19,29.54816,157599591813203,38340000,20941,796754826197967,917.62,69658324561668,75.62,373605475137787
Henan,23,2011,510.22,1370504.8,61.86268,593932390935561,93880000,42353,77204945111913,549.03,10081068457941,67.59,493423726614972
Hubei,22,2011,324.29,665640.29,53.374,24979870855615,57580000,51896,650021043770524,940.18,108499747518662,74.40,49543456562632
Hunan,21,2011,256.35,685529.58,44.8805,388355009094216,65960000,34958,42984714075538,1014.34,716754220932393,70.33,385782368232437
Inner Mongolia,0,2011,561.99,1409404.33,24.91268,186320037051482,24820000,25519,139634275904373,670.97,216895973281674,80.31,74723586292946
Jiangsu,25,2011,616.97,1053799.74,63.50927,322514668968375,78990000,572851,587158087312288,5652.97,80198710240356,77.05,672244424601446
Jiangxi,28,2011,153.92,584061.27,37.51668,284831294724075,44880000,49081,814189741309285,415,651076809434346,66.12,415946843853821
Jilin,2,2011,226.11,413190.52,38.42749,240177585575888,27490000,23253,367138897946251,385.28,664928842581883,73.09,560022121305582
Liaoning,3,2011,626.16,1126169.82,42.65927,483308784578772,43830000,165969,127919194754727,2713.14,644159978851966,82.94,555415696870792
Ningxia,10,2011,127.14,410385.49,38.71182,184390740228892,6390000,4399,472993922986664,6.2,470647289840991,76.16,727935435435436
Qinghai,12,2011,35.02,156602.1,32.62263,284709790402897,5680000,3144,213551114428995,26.59,291631865639753,69.41,69058908045977
Shaanxi,9,2011,298.39,916838.68,46.10284,249886329937888,37430000,19888,296879421164194,1295.05,102425069250514,75.00,494858715524701
Shandong,7,2011,934.80,1827397.2,63.80582,552225946817083,96370000,143374,338498203733123,2550.76,73009565113332,74.13,615137191461396
Shanghai,26,2011,237.85,240101.5,54.54221,273286830102623,23470000,377353,362619551964232,5751.18,518623689037721,94.63,223812748961323
Shanxi,8,2011,554.97,1399051.29,42.12689,460792158870968,35930000,31899,31820287493374,567.19,217859193585287,70.47,56041867330473
Sichuan,16,2011,261.06,902006.3,40.93351,450382421915534,80500000,57419,123433024529322,593.83,984641485855296,64.96,450700544304634
Tianjin,5,2011,171.69,230900,78.63718,103560412056263,13550000,114806,833977093667507,1755.53,572127035386883,90.65,420208469582454
Xinjiang,13,2011,259.79,763055.29,48.24074,564192664470071,22090000,5602,518015184874509,465.19,139155144593505,71.33,425850539757065
Yunnan,17,2011,196.74,691225.79,21.95584,299446292234901,46310000,20641,561819314075483,1608.61,18211211875908,62.59,393885011349242
Zhejiang,27,2011,371.35,662048.27,41.7814,312483599374021,54630000,201919,354402810248653,4541.73,901114121030403,77.95,32917761787327
Anhui,24,2010,241.06,532076,61.96605,238283295055821,59570000,30324,812508887785849,708.98,119847609255553,69.23,577290017141458
Beijing,6,2010,112.53,115050,71.98737,202239089810307,19620000,119206,289934880143034,5044.61,194618582335042,92.22,134216048934987
Chongqing,15,2010,112.80,719404,46.7276,262294190093708,28850000,34885,314521773862098,703.2,653511538617127,82.08,380411050462292
Fujian,29,2010,186.17,409051,28.76323,275808271997207,36930000,124831,187263165102356,2978.24,933920528474967,76.12,36347750109218
Gansu,11,2010,142.28,551785,43.47878,689853367975366,25600000,6289,322197433971646,14.81,198783983376774,67.66,588298470732994
Guangdong,20,2010,484.57,1050508,36.47785,411449035428571,104410000,421260,123863985199501,12382.61,722707076888517,87.21,499688468657315
Guangxi,19,2010,139.98,903826,37.33329,258161815165877,46100000,27973,592898036087046,806.15,110543181659284,70.93,426379762779469
Guizhou,18,2010,173.03,1148830,31.55306,725121148501954,34790000,4132,16510756987091,129.58,308693470963441,64.69,459895381856225
Hainan,30,2010,46.02,28810,17.13205,229492259325044,8690000,25886,256298231301488,322.36,769030073841395,74.18,259812
Hebei,4,2010,668.18,1233780,69.2411,267473819064125,71940000,40348,103140269259593,350.71,10035871109292,72.62,705434462444772
Heilongjiang,1,2010,273.81,490164,34.33628,129022485771773,38330000,19617,659846855605619,762.5,77481831988915,76.65,414849718221666
Henan,23,2010,461.48,1338701,65.3878,509799245139154,94050000,37866,50659130627073,498.77,978012854029839,67.94,516418503794724
Hubei,22,2010,288.00,632582,57.81832,206842160466159,57280000,42864,636493068449933,751.16,129317729243821,72.36,600256666458503
Hunan,21,2010,232.33,801311,47.21998,330151621041136,65700000,32406,416975098689947,906.22,784412078333787,71.29,431275761875802
Inner Mongolia,0,2010,452.69,1394100,28.59212,1555414078125,24720000,23243,128594583741195,601.9,219120742458482,80.44,842792163927044
Jiangsu,25,2010,540.91,1050488,65.30057,276062831804281,78690000,508106,618532374888869,4783.43,83736449512421,75.54,802546018407363
Jiangxi,28,2010,140.22,557072,40.68909,237946873820396,44620000,43917,707559884696853,346.03,719935641470079,67.44,487216445559938
Jilin,2,2010,196.98,356310,42.10839,202539592190889,27470000,22259,345402426496894,304.92,666603079742615,75.55,61836145819915
Liaoning,3,2010,589.58,1022207,46.12,428973284551288,43750000,147615,132796297765314,2259.33,71946976992861,82.26,684347582811101
Ningxia,10,2010,96.38,310752,46.21857,1520186712299,6330000,3964,513954577746406,5.99,35930291929216,77.05,63041611332448
Qinghai,12,2010,30.34,143431,41.30727,240437384439359,5630000,2349,232729054289054,20.45,362418721839428,70.22,873976793248945
Shaanxi,9,2010,271.81,778649,45.97205,207988055189559,37350000,18044,312334630938723,1015.96,113534288322747,74.39,432421399176955
Shandong,7,2010,885.70,1537818,71.2368,459559546925566,95880000,124523,321512105150381,2155.04,796799068133208,74.82,719616951400512
Shanghai,26,2010,233.37,358100,56.68253,228434743383199,23030000,339385,344445742516295,6340.92,524679121327057,95.34,317074525122549
Shanxi,8,2010,506.72,1249201,41.28314,393253807744381,35740000,22929,338923908344421,464.6,239593294225901,70.61,599224251846094
Sichuan,16,2010,253.57,1130952,47.69977,398278234772632,80450000,54383,106412088830231,354.09,107253254893617,64.85,522264602010323
Tianjin,5,2010,156.55,235150,77.94815,898693581274382,12990000,109624,805656180923258,1419.51,65736766532344,90.40,545344368340944
Xinjiang,13,2010,220.36,588487,58.76048,492907595006426,21850000,5229,482304448347645,185.42,129306681053618,70.92,520527738598966
Yunnan,17,2010,190.75,500702,19.90221,25119512311136,46020000,17949,598061811122514,1323.65,195118590365635,63.57,48102203116604
Zhejiang,27,2010,352.50,678342,43.56055,261771641012262,54470000,183233,348204943543358,3930.2,956605805454836,77.39,405834257285004
Anhui,24,2009,227.55,538423.97,58.96523,206478034995257,61310000,27900,647347998806163,565.84,130169283741623,68.34,563758238099435
Beijing,6,2009,111.47,118793.86,79.78649,165429537432719,18600000,106600,221450900231245,4356.68,196960085651054,91.85,140732227367851
Chongqing,15,2009,102.60,746091.62,41.73319,218224499597532,28590000,27800,227427249545702,537.21,716202435457918,80.22,361795303142453
Fujian,29,2009,166.31,419656.35,29.94625,232296058741259,36660000,117500,153599753009276,2599.23,901563157311188,74.67,39489764950456
Gansu,11,2009,130.09,500305.71,42.49927,618000008143322,25550000,4900,201601220163981,12.54,208179477299269,66.87,522027350691493
Guangdong,20,2009,430.79,1070488.15,40.43834,350437456807187,101300000,393900,104850130940901,10028.13,68378038366627,86.70,464519328933935
Guangxi,19,2009,114.62,890494.78,41.80172,2151812096,48560000,27200,598019761026493,643.34,119450823432218,69.86,415615671181506
Guizhou,18,2009,171.12,1175494.19,33.3661,683381424434389,35370000,3600,14061817680164,110.44,348579660012856,64.57,471295446042921
Hainan,30,2009,42.93,22031.2,18.85902,189369098743268,8640000,90300,17306215592538,276.66,766249729340724,73.23,31166870042709
Hebei,4,2009,615.46,1253463.29,74.66451,231644230849948,70340000,37000,820583721582148,307.81,100444075092806,70.79,709532970962666
Heilongjiang,1,2009,253.34,490383.48,35.25059,111930457449816,38260000,18100,494901408640157,638.68,843545720561935,75.48,409101078155519
Henan,23,2009,424.77,1355000.51,60.16827,442781407426376,94870000,34700,445829049947684,433.03,104931594097002,66.28,503825517100143
Hubei,22,2009,255.16,643761.33,53.6571,173662400270758,57200000,37700,507271685217234,510.2,13682653897141,71.32,718320997668052
Hunan,21,2009,218.58,811501.55,49.7153,27952622919708,64060000,28000,338867855078633,672.7,784340805026129,69.96,40351032471689
Inner Mongolia,0,2009,413.03,1398803.38,28.86299,13097422074364,24580000,24000,116464655853543,558.31,229616016959536,79.58,789430435410404
Jiangsu,25,2009,482.47,1074154.54,64.92814,246624449673017,78100000,444400,522569918969619,4016.01,846820710581638,73.15,80589915953048
Jiangxi,28,2009,120.77,564221.98,41.76531,204588042460194,44320000,36900,502633717315045,289.75,69238606517767,66.91,493902246010849
Jilin,2,2009,177.16,363005.24,44.36586,162821272652389,27400000,19300,286947442702152,242.94,707440499413954,75.39,630527598108884
Liaoning,3,2009,534.52,1051419.47,48.58276,398113369496545,43410000,131800,12267190865691,1856.21,764181274728858,81.61,707749105921783
Ningxia,10,2009,82.29,314245.7,45.34598,134477828046379,6250000,2500,381716736065374,4.43,356796953333977,75.64,597584071249424
Qinghai,12,2009,30.05,135698.26,35.54335,196746990736452,5570000,2800,211661210789472,15.42,35830968840804,69.02,865906729417517
Shaanxi,9,2009,231.51,804407.63,45.15307,171661211484423,37270000,16200,263100726339927,771.07,111756377735967,73.16,555387609221313
Shandong,7,2009,796.54,1590301.46,64.57654,39730425549227,94700000,112000,265364243132959,1765.3,84371169422347,73.24,749204884808335
Shanghai,26,2009,215.12,378907.51,64.9582,192677247685185,22100000,308400,277588633224965,4744.02,515271097870449,94.75,367213179243304
Shanxi,8,2009,475.38,1268427.69,43.16588,354209913256956,34270000,20500,268619124554571,377.94,250926312870225,70.56,634177663460822
Sichuan,16,2009,248.51,1135299.13,39.4409,35793717001056,81850000,46100,961718352208677,288.56,11236492316781,64.88,510918571645801
Tianjin,5,2009,127.64,236699.81,86.8643,769503747657714,12280000,97700,705525125645115,1182.64,547855848067004,89.28,560759607900644
Xinjiang,13,2009,196.31,589900.5,48.15482,441855389499621,21590000,4800,484246211034725,136.63,129260840223052,69.29,525120617561917
Yunnan,17,2009,180.34,499306.78,20.36733,2179028573096,45710000,15900,408773600625634,1172.21,190477227919176,64.93,4569996551894
Zhejiang,27,2009,328.78,701329.51,44.19055,224003430737062,52760000,164000,290217233176389,3223.58,963560407954511,77.17,453358535055641
Anhui,24,2008,207.94,556000,61.69095,179951827341181,61350000,25465,10247708383884,454.45,13398357212727,67.22,545441905521682
Beijing,6,2008,109.17,123000,77.65318,13684242803586,17710000,98295,314999534861664,4459.13,229298308665429,92.11,154507975320577
Chongqing,15,2008,95.52,782000,43.1158,186823922538999,28390000,23848,339502736883175,449.78,826584965327504,78.34,378690796830947
Fujian,29,2008,137.83,429000,31.60244,194834310628611,36390000,112129,192582487386464,2393.53,101231433370966,73.90,378742828214647
Gansu,11,2008,130.96,502000,43.98501,547224571428571,25510000,3827,366825463926083,16.03,236905879841566,66.35,459322401526982
Guangdong,20,2008,405.06,1136000,41.35303,304867490150637,98930000,372646,134450052369744,9174.98,775690288937069,86.85,473329586630186
Guangxi,19,2008,103.45,925000,42.40083,182167580906149,48160000,25826,674435218117128,601.66,132261289539548,67.91,403693726219902
Guizhou,18,2008,157.49,1236000,32.83491,623317021018216,35960000,3215,251622716513807,116.97,362326988062869,64.65,439982395039994
Hainan,30,2008,39.92,22000,22.30949,169329900722022,8540000,96659,189685454349279,313.88,852581018722706,71.93,347463359639233
Hebei,4,2008,580.65,1345000,71.44156,194850183867559,69890000,33841,122994195574292,273.95,100719815165034,67.95,640490361770397
Heilongjiang,1,2008,238.28,506000,31.52069,929468197997775,38250000,16170,776472377851708,869.95,925858322556327,75.38,378832661446624
Henan,23,2008,416.50,1452000,59.87515,381048467920639,94290000,29305,674857777383833,374.44,116561756685121,64.61,475074180543586
Hubei,22,2008,238.59,670000,55.2586,151067081818182,57110000,34030,738358725755061,442.55,16432480069619,71.17,75377520787537
Hunan,21,2008,208.48,840000,52.62487,237953981711778,63800000,26622,506136364322243,617.42,843827216219247,67.88,375697711743935
Inner Mongolia,0,2008,380.40,1431000,26.88198,115448594276754,24440000,22155,186269179436706,577.19,268613634607923,78.42,804222342649222
Jiangsu,25,2008,457.00,1130000,64.63181,217031280011447,77620000,415930,715237991886774,3880.2,951763771025012,72.86,857254612215655
Jiangxi,28,2008,114.38,583000,43.67043,172235485893417,44000000,33485,626303519390158,251.7,866773273932068,67.40,573435385656292
Jilin,2,2008,173.79,378000,42.6643,136353281146179,27340000,17489,389269129010841,211.44,887949623622154,75.93,580825143492552
Liaoning,3,2008,516.70,1131000,47.44301,35395933933084,43150000,124756,16507222713426,1526.18,864946571548491,81.62,69478627522568
Ningxia,10,2008,75.17,348000,42.7658,119306325335681,6180000,2449,716791123380302,3.01,418521780573588,74.19,604567116759333
Qinghai,12,2008,29.55,135000,36.98678,182911029563585,5540000,3311,282629538213985,10.15,33094988512001,68.12,89787688800228
Shaanxi,9,2008,210.62,889000,42.13004,148224970631605,37180000,13692,309738268139501,660.11,122802486220265,72.14,530724232066252
Shandong,7,2008,759.76,1692000,67.72555,332654612929624,94170000,101163,350528327370633,1391.1,895420809760293,72.25,72025601481878
Shanghai,26,2008,215.89,446000,62.38755,165869118266979,21410000,293991,358975690164286,4971.72,579698311127253,94.78,406958899984945
Shanxi,8,2008,479.13,1308000,40.50858,306006398461116,34110000,18000,494652912287686,300.65,260094463047104,70.16,633284586136297
Sichuan,16,2008,222.09,1148000,41.27806,313975828501646,81380000,42113,103653168461355,153.88,114649905425331,65.34,461215170449935
Tianjin,5,2008,117.82,240000,81.98511,633222714200477,11760000,93814,102079502055458,1001.39,59399931468646,89.27,494942577840324
Xinjiang,13,2008,169.78,585000,53.55689,393802830007675,21310000,4560,843909975784279,135.78,125472248171962,70.51,423667738378143
Yunnan,17,2008,167.65,502000,20.77446,202188453825858,45430000,14106,558871273118985,1007.55,198985759333916,63.18,392861823361823
Zhejiang,27,2008,314.80,741000,48.82148,206968522875817,52120000,158255,372496630115766,3024.08,928180109689141,76.46,476585244606941
Anhui,24,2007,183.72,571701.4,58.87429,153257151068376,61180000,23755,105352880775535,344,124120402887185,66.11,49143308115169
Beijing,6,2007,108.26,151661.15,73.17168,115020554102648,16760000,87621,254893054509922,4580,236303766162347,92.45,184969961102173
Chongqing,15,2007,77.44,826200.13,39.9937,148614408845739,28160000,19774,354602827644875,382,833724692006506,77.62,357800753696009
Fujian,29,2007,133.11,445657.8,31.56508,160859241270398,36120000,102706,226748788322568,2169,115111448920761,73.39,388463835602571
Gansu,11,2007,129.09,523249.99,40.42188,454289230493273,25480000,3064,414015570517737,70,239348739370669,67.43,465671337579618
Guangdong,20,2007,395.35,1203019.16,41.443,248714971614704,96600000,350705,151314941050156,8706,887197310218916,86.82,464877664848363
Guangxi,19,2007,103.87,973844.4,41.75692,144128770491803,47680000,21908,606754648536285,577,123386890024844,65.65,386406035891763
Guizhou,18,2007,168.75,1375072.97,31.91321,588938872093023,36320000,2797,229355095887879,129,426533602459975,64.54,394842764492188
Hainan,30,2007,38.25,25599.7,22.47898,136576177536232,8450000,94102,188084744716966,302,956132496181403,69.46,375286072178211
Hebei,4,2007,549.10,1492479.99,71.42634,159534452769886,69430000,29113,103135744102341,309,125971596031289,66.08,635784185145578
Heilongjiang,1,2007,228.82,515368.72,28.6636,752867643171806,38240000,14489,74187263815691,643,101048720581419,76.17,382444860859826
Henan,23,2007,404.14,1563900.41,63.53439,324790519875696,93600000,25656,634494812039716,318,133724466534597,63.30,45414575455483
Hubei,22,2007,237.50,707574.78,50.66492,12713384981685,56990000,31345,703036995227119,413,173265649669294,71.64,688921653082411
Hunan,21,2007,210.96,904289.1,46.93718,195531224175824,63550000,24324,519659602151694,642,954763800615402,66.80,366459469604964
Inner Mongolia,0,2007,319.11,1455800.49,25.85837,101474010989011,24290000,17148,230668237300651,545,311818862123834,76.21,709884343938218
Jiangsu,25,2007,446.96,1218055.77,60.87706,188223286763647,77230000,382030,818375373643974,3469,106627557510315,71.62,776269976414346
Jiangxi,28,2007,112.92,620989.33,41.25974,141762934382376,43680000,28969,565258798081122,196,904000228653479,52.03,411885580852306
Jilin,2,2007,170.09,398977.41,36.43819,116063218120805,27300000,31334,400571998765857,179,926863573808571,76.30,52779920621611
Liaoning,3,2007,502.94,1233842.85,42.6333,318770837267081,42980000,108767,181874375920936,1228,104308142667264,80.78,626205027928062
Ningxia,10,2007,66.56,369775.67,43.68493,100514393885689,6100000,2183,834576997623041,3,515204129276472,72.37,539131286740692
Qinghai,12,2007,23.33,133922.77,36.46012,160175212410501,5520000,2426,340856865281934,16,408090988134376,70.26,810711493354183
Shaanxi,9,2007,188.18,927208.82,44.67481,12365775612157,37080000,16474,352479869183038,612,128274079420301,72.02,52770633950279
Shandong,7,2007,706.23,1822149.93,68.83245,255073878139152,93670000,96311,351645622424552,1352,108733212498037,72.03,717595950290105
Shanghai,26,2007,205.80,497818.19,59.1464,142115927810651,20640000,257032,365288242845494,4673,608060500139164,94.66,436498514502741
Shanxi,8,2007,485.59,1386724.44,41.46586,249717067552602,33930000,17787,515733102808894,222,303839498849737,70.72,680527936647602
Sichuan,16,2007,200.15,1178749.69,39.48661,264901266574143,81270000,26868,88435093693397,512,125667860017125,63.52,452350803246921
Tianjin,5,2007,119.30,244700,74.79279,545001879164314,11150000,82888,119622244218849,779,776396393540733,88.85,490864405481969
Xinjiang,13,2007,153.24,579936.79,56.97308,350990383317168,20950000,3090,651284134641463,162,123260008796453,70.48,459237670619621
Yunnan,17,2007,163.38,533700,22.52887,170768568818155,45140000,11833,665396628297331,860,199351155957018,61.55,442183575876423
Zhejiang,27,2007,306.98,797026.56,42.37078,177327050209205,51550000,145658,38321911203805,2708,105847086342449,75.58,495645668859376
Anhui,24,2006,164.91,584000,56.83987,130165604131175,61100000,18300,98618342990054,226.73,121420936081,64.93,504652226967663
Beijing,6,2006,100.87,176000,77.75998,989901466448445,16010000,69700,250418628937955,4026.3,266726941203297,92.63,185945221998181
Chongqing,15,2006,71.14,860000,52.99093,126645152743985,28080000,9300,320203845797774,308.72,761766842170634,76.05,367657813702848
Fujian,29,2006,118.95,469000,32.14728,138204949235904,35850000,87800,230537803102837,1471.1,116403929299241,72.82,40039578968006
Gansu,11,2006,116.26,546000,42.50407,409688874418605,25470000,2800,344849925897749,62.93,235382317619242,65.68,520729820729821
Guangdong,20,2006,372.23,1267000,41.75467,215592434558651,94420000,314300,151574581414216,7532.79,94180951775201,85.59,488694398350276
Guangxi,19,2006,91.07,994000,46.43254,118255034768212,47190000,18000,534350289464183,423.12,11148255631585,62.40,35514450867052
Guizhou,18,2006,157.76,1465000,34.10332,532651124236253,36900000,2600,206473377262666,115.16,42794272863236,66.02,499703769946623
Hainan,30,2006,18.31,24000,18.936,116753080291971,8360000,11800,183914046529081,229.12,940238752582978,66.89,460417540035214
Hebei,4,2006,512.18,1545000,78.18729,136182504273504,68980000,24700,902042348580611,243.1,129321858048693,64.36,668670203745427
Heilongjiang,1,2006,214.35,518000,30.98406,624630856368564,38230000,13700,641628899864746,492,10587617434352,76.81,389570684618316
Henan,23,2006,364.52,1624000,68.27261,280100195402299,93920000,23300,599894636428198,273.76,130918601125397,61.38,474194678170247
Hubei,22,2006,214.00,760000,53.16291,109277227010832,56930000,28000,678501422845404,320,166073806719276,70.99,618269969629331
Hunan,21,2006,191.72,934000,49.97649,180396533235402,63420000,21300,489361010277665,503.36,993770066118554,65.23,385254992018372
Inner Mongolia,0,2006,277.28,1557000,29.925,884259230467216,24150000,14800,234900872058558,403.7,289118725683437,74.47,685738362938815
Jiangsu,25,2006,417.20,1304000,61.66305,163777821542476,76560000,324300,808272665707839,2786.64,118236537741102,71.11,772173787329264
Jiangxi,28,2006,104.25,634000,46.29599,119778060548723,43390000,23200,451947648253998,139.61,927757867504821,49.84,394525981753273
Jilin,2,2006,160.30,409000,37.81225,994779974570883,27230000,30800,349748583557418,137.2,902243834816417,75.43,581278747797432
Liaoning,3,2006,463.67,1259000,47.81583,27729005867401,42710000,94500,178941172880005,934.3,110180841846358,79.15,666919173651086
Ningxia,10,2006,59.90,383000,48.39375,874938240017845,6040000,4400,96886112174576,2.43,543807264916167,72.07,551219119658807
Qinghai,12,2006,20.40,130000,33.12574,146897830731707,5480000,2000,445021903817546,13.25,440164069507974,69.43,906638566912539
Shaanxi,9,2006,170.67,981000,48.31606,104301416330028,36990000,14900,337431524080131,510.87,124813105875626,70.61,548196603468416
Shandong,7,2006,631.60,1962000,72.288,202305364389234,93090000,88500,32538592204527,1014.05,106579224546429,72.18,705079697074738
Shanghai,26,2006,200.60,508000,54.613,123378008373206,19640000,225500,340542061476278,3903.9,688960453444378,94.19,537307014734145
Shanxi,8,2006,470.01,1478000,48.93287,216686431241283,33750000,11100,366225562525956,164.2,313491103406038,70.97,688332417750107
Sichuan,16,2006,177.49,1281000,49.93523,233285221828338,81690000,19900,842383175505398,395.23,143958322435446,62.08,452156380138228
Tianjin,5,2006,111.89,255000,78.29371,433067436559139,10750000,68600,125439762067388,625.9,815684205875206,88.39,529406551132399
Xinjiang,13,2006,141.18,549000,55.25277,306996757097792,20500000,2600,494046658571488,128,118595784075617,69.90,456924060117237
Yunnan,17,2006,155.13,551000,21.79594,144264948148148,44830000,10700,567200409978258,658.44,192137458232194,63.26,424465928249781
Zhejiang,27,2006,277.50,859000,44.97303,159744695265498,50720000,125700,361334350820012,2132.7,113439992358246,72.42,536666179764339
Anhui,24,2005,152.60,571000,58.15294,110957253837953,61200000,15480,865625295275164,185.58,122740650449919,63.31,487254699442264
Beijing,6,2005,99.05,190000,67.33131,863196879084967,15380000,60670,229916275484361,3618.91,31014583853953,91.71,218713242549832
Chongqing,15,2005,66.60,837000,44.76267,105572169105691,27980000,8030,28580766926759,264.36,737343331821204,73.55,371775592828224
Fujian,29,2005,109.16,461000,32.3559,111327045534151,35570000,75330,246159308218532,1305.29,120806199024383,70.71,43312297484956
Gansu,11,2005,109.03,563000,36.14602,369988058485139,25450000,3160,287875737455255,58.76,265667592343737,62.91,462528571428571
Guangdong,20,2005,336.33,1294000,43.43575,188435252309879,91940000,288920,145724746908798,6388.05,102994176992127,84.29,479320099731492
Guangxi,19,2005,83.24,1024000,43.31343,101435125838926,46600000,14710,507063498690858,358.93,114319516435929,59.78,37070958302853
Guizhou,18,2005,134.58,1358000,33.45826,485022841269841,37300000,2340,215705404584768,101.41,401102863159885,63.44,518279380717804
Hainan,30,2005,10.32,22000,19.24693,993722283609577,8280000,9200,194670804692087,128.46,927645564677009,64.66,410326295585413
Hebei,4,2005,468.42,1495000,66.76324,123068025732666,68510000,21930,914951489633845,209.17,135770402266515,62.49,652111436950147
Heilongjiang,1,2005,202.54,508000,25.96345,533147989276139,38200000,10980,548705246880503,340.43,109227332716989,76.39,423611365719523
Henan,23,2005,322.34,1624000,61.80298,240954327886136,93800000,20640,570443113003438,216.04,135925104587113,59.29,485486315789474
Hubei,22,2005,193.68,718000,51.85463,928522841568081,57100000,25780,66642300838406,276.36,202901650920656,70.72,690524218270999
Hunan,21,2005,180.96,919000,49.94358,136834171575847,63260000,15820,480961151521831,390.24,996561363014239,63.14,386615384615385
Inner Mongolia,0,2005,236.38,1456000,23.88489,74863484086444,24030000,12640,250543756362768,352.07,275724890363481,73.88,676172298168687
Jiangsu,25,2005,384.27,1373000,62.95504,143913482119399,75880000,265720,775045277374701,2259.74,115950815501775,70.25,824426164044405
Jiangxi,28,2005,95.40,613000,44.27054,102218390452102,43110000,18490,358674059802896,103.95,933057404425064,50.25,40901758303098
Jilin,2,2005,147.63,383000,33.96093,837273819742489,27160000,20710,390878025974666,119.52,116625799785982,77.04,578190249072602
Liaoning,3,2005,431.66,1197000,38.69893,240629581683707,42210000,81500,178334885670281,737.77,113682024759827,79.65,663818731117825
Ningxia,10,2005,54.39,342000,37.33849,768445676404494,5960000,4455,780765910280593,2.3,517522564385757,69.57,57113188976378
Qinghai,12,2005,15.61,124000,29.27407,128792356716418,5430000,700,340786073405432,11.02,400099186198737,69.49,943653846153846
Shaanxi,9,2005,141.68,922000,40.33709,886099158548466,36900000,13700,355216433078263,446.25,14087641517906,69.96,547276150627615
Shandong,7,2005,566.51,2002000,63.24264,159469176862255,92480000,78620,321045040267054,780.23,105534612543649,70.70,690367978893286
Shanghai,26,2005,201.70,513000,57.88868,107005615942029,18900000,200670,314782371948075,3555.88,800671395860842,94.16,665804364513653
Shanxi,8,2005,424.07,1516000,41.63506,181111506887827,33550000,7710,374252722505873,116.22,322084179754479,69.59,665177887246853
Sichuan,16,2005,158.69,1300000,48.49869,195842330449827,82120000,16600,730679342137744,315.95,14000543099093,60.54,460743470390484
Tianjin,5,2005,103.92,265000,69.23281,350612734454638,10430000,56770,117984395454824,509.01,956367835923911,87.48,590035731300619
Xinjiang,13,2005,124.20,519000,40.47093,265803384091364,20100000,1850,505162559808274,100.09,119792498579137,68.46,44618482188952
Yunnan,17,2005,141.53,522000,20.76445,121412104321908,44500000,8420,505771598684724,528.01,182536862693614,63.79,421076352067869
Zhejiang,27,2005,249.53,860000,44.7194,142845361256544,49910000,101910,331036629705182,1716.26,109783875649111,70.98,578106900800986
Anhui,24,2004,144.95,490000,54.95623,84212557373675,62280000,12938,801879139299023,140.69,13095724699954,47.20,480479240806643
Beijing,6,2004,97.63,191000,65.65705,744358397559409,14930000,53162,195331624547577,3173.43,340774361894617,91.18,231556535624667
Chongqing,15,2004,54.27,795000,42.70415,840902113556099,27930000,7245,303283771074547,203.08,893395781378726,73.45,37408843537415
Fujian,29,2004,89.59,326000,35.79683,946416993681994,35290000,68877,249497900498008,1065.07,121250828899595,70.44,453335119685602
Gansu,11,2004,100.14,484000,37.8835,298015166992187,25410000,3059,22388107196132,43.79,274914975688101,64.27,551702724358974
Guangdong,20,2004,300.29,1148000,47.84286,153234790135167,91110000,260957,146450372322937,5378.21,116439028980405,84.60,490833945005929
Guangxi,19,2004,72.78,944000,44.48671,885428027210884,48890000,12678,522995841949299,287.91,11436916009143,59.35,377947189097104
Guizhou,18,2004,122.53,1315000,31.97506,431910459945504,39040000,2234,301789682760109,80.2,444523584935928,63.44,557958579881657
Hainan,30,2004,12.32,23000,23.77043,841583673469388,8180000,8633,299725526243301,81.6,855024315486013,62.72,307305585980285
Hebei,4,2004,372.52,1428000,60.83731,105263815252417,68090000,20057,931871320061066,190.42,153491169898937,60.95,600233843053992
Heilongjiang,1,2004,179.60,373000,28.76301,415150204918033,38170000,9466,466627300693708,302.15,109178476077941,79.02,456530474421746
Henan,23,2004,267.98,1256000,51.88141,192655088794364,97170000,14861,650599754756918,160.01,156514762149743,57.21,503260598503741
Hubei,22,2004,174.22,692000,48.6761,785726598972923,56980000,22694,591696896493235,192.4,203381098150488,71.42,62802104899931
Hunan,21,2004,131.89,873000,46.64779,107261412329273,66980000,11908,55840442568464,313.08,120480422656669,61.25,388587295401403
Inner Mongolia,0,2004,190.33,1179000,24.15045,65182759149941,23930000,10811,248042586040451,253.3,274728475131316,71.89,526437635406995
Jiangsu,25,2004,300.68,1240000,58.88703,120135328682626,75230000,216981,733996622908012,1763.44,107282311861933,69.08,854324478720366
Jiangxi,28,2004,86.19,519000,44.3232,806849882054344,42840000,16326,371631747538445,79.76,11258884757525,47.99,399430441898527
Jilin,2,2004,119.20,285000,34.17259,67690144405809,27090000,19351,523982690490649,96,132907199746034,77.69,56913167666381
Liaoning,3,2004,372.98,831000,38.47399,201836031171112,42170000,67915,185866126911006,612.81,13538564465859,79.00,69175313059034
Ningxia,10,2004,49.55,293000,39.53414,663317961494904,5880000,4067,848974457394674,1.71,487215837499554,67.79,512422502870264
Qinghai,12,2004,14.88,73000,30.42291,109941851757514,5390000,959,566006519326819,9.12,38030164880418,71.65,866197991391679
Shaanxi,9,2004,122.46,818000,36.37344,756280419035847,36810000,12463,358510808977784,361.36,160979624513419,70.77,548517539644402
Shandong,7,2004,419.57,1821000,57.41224,124187504387798,91800000,69410,315956773524645,566.55,115732290499834,68.99,754403611738149
Shanghai,26,2004,188.73,474000,57.92828,939363325183374,18350000,172188,306630445489234,3041.24,889552627452324,93.49,674453677291331
Shanxi,8,2004,395.46,1415000,34.98058,15766515160102,33350000,6913,441507240613728,81.23,320637515305457,68.73,665810113519092
Sichuan,16,2004,158.92,1265000,44.98927,158900071895425,80900000,13982,751528393941917,288.85,152736656913214,59.47,460571301380027
Tianjin,5,2004,96.99,227000,61.40183,296341649331352,10240000,47045,116726296394226,412.53,111335566692382,86.96,602557585385226
Xinjiang,13,2004,106.15,481000,47.3669,228836633908629,19630000,1448,424185416860052,91.08,122252371124448,68.71,430454673028347
Yunnan,17,2004,120.87,478000,19.70303,100903736131934,44150000,7892,466818068553465,422.45,187140470392708,64.18,449007256894049
Zhejiang,27,2004,213.88,814000,43.51574,120419669897826,49250000,83432,30817756640103,1300.47,109305916374956,68.40,659627155816967
Anhui,24,2003,139.81,454853,65.68217,700437811109962,61630000,11644,775469383200064,83.41,14239856511114,46.68,501669873727269
Beijing,6,2003,87.63,182780,77.96445,634854721726432,14560000,46328,165153697105358,1903.54,38442917788652,90.69,176611652419787
Chongqing,15,2003,47.04,766366,45.31337,694284414488017,28030000,6547,236794448321333,113.23,80284846907956,71.47,389596920394355
Fujian,29,2003,76.12,303722,36.64059,846676981530343,35020000,66118,206948955825769,914.87,123425361589623,69.01,462835673747182
Gansu,11,2003,87.33,493909,37.62477,252870662710188,25370000,2164,201033716537664,21.17,292055486979026,63.36,515143023823373
Guangdong,20,2003,263.12,1075156,45.30401,14037411543943,89630000,241262,133435140787606,4266.93,119431916369026,80.66,497321354967053
Guangxi,19,2003,55.19,873549,40.35902,756807379310345,48570000,10448,458640947559181,164.34,129919320463565,57.60,371383453809126
Guizhou,18,2003,105.00,1322909,32.8908,378736634767837,38700000,2100,223397186607293,28.94,454138758697595,41.63,446883685556692
Hainan,30,2003,14.07,22917,21.56236,717953183520599,8110000,8900,220494766765922,79.57,845969659187716,61.40,280239460006235
Hebei,4,2003,318.07,1422140,77.48972,907000656439529,67690000,17519,740968076883103,84.6,160311972395172,56.67,63012862862683
Heilongjiang,1,2003,167.13,355949,40.3728,364707710594315,38150000,8123,418143186444367,243.64,122688466111417,79.19,453188525193696
Henan,23,2003,184.09,1038928,68.12276,16541702198981,96670000,12628,556843674886956,63.44,151392699411906,56.62,452848390492006
Hubei,22,2003,158.71,608571,54.70159,657185256229431,56850000,17676,499488592289231,136.27,162144576868679,70.85,693488076302435
Hunan,21,2003,106.97,848358,50.62444,950786923076923,66630000,10214,451374268769158,45.77,117920695017068,60.16,395908342815355
Inner Mongolia,0,2003,149.90,1288249,32.68258,546423992905006,23860000,3836,238187925060573,138.45,276137490098178,69.66,491839764272954
Jiangsu,25,2003,244.68,1240671,67.7043,100293807652534,74580000,150014,568521079364792,1131.87,108356286676089,63.15,699860885968649
Jiangxi,28,2003,71.85,437241,49.83171,684429392165691,42540000,13667,318404920632222,47.46,114799117926129,46.34,402520936858092
Jilin,2,2003,112.20,271903,46.18855,575118173769817,27040000,18265,535255998988785,66.39,131792886104497,76.91,532282209927934
Liaoning,3,2003,339.98,822852,49.50495,175874433560192,42100000,73501,156311532402745,454.1,141648963690726,77.57,673403778140107
Ningxia,10,2003,51.10,293320,40.12288,577757349177331,5800000,3884,714434941504458,0.84,469599744188541,66.47,48636445653689
Qinghai,12,2003,13.92,60280,30.28704,972026577042399,5340000,786,390989246791911,4.73,340334961801,70.47,613752485881109
Shaanxi,9,2003,98.22,766060,43.11016,642461451810176,36720000,11600,331740434533529,198.43,164414358748875,71.33,511197324154667
Shandong,7,2003,325.46,1835699,73.90061,983101139983236,91250000,59662,281767630782504,370.13,116753535140205,67.00,68750735987343
Shanghai,26,2003,178.95,450287,62.3441,853980308261406,17660000,150816,245514579434365,2052.66,102807973981005,92.29,569241385431233
Shanxi,8,2003,378.82,1363379,47.62315,141288680753855,33140000,6119,309069431563632,36.27,351865502282253,66.06,638553508580013
Sichuan,16,2003,137.03,1206586,46.91897,131124597260274,81760000,13632,725895401051617,149.59,161678663996081,58.51,47086606970122
Tianjin,5,2003,84.85,259329,82.71419,241594006766554,10110000,41555,960460926464403,329.47,125197416615634,86.33,600233843053992
Xinjiang,13,2003,94.30,331410,41.40782,196684172740375,19340000,1251,406171471022092,48.58,124224732451109,66.70,403121916849224
Yunnan,17,2003,96.61,452567,20.11497,827565962582981,43760000,7309,382389687286096,340.14,187796683558032,63.04,427592848937004
Zhejiang,27,2003,181.30,734311,49.68458,105495811271297,48570000,61226,258438573576291,872.5,1153298163249,65.93,589273083164648
Anhui,24,2002,125.68,396000,58.99644,627270049932383,61440000,9622,592841983079156,124,129838651371064,44.86,478056956392762
Beijing,6,2002,84.45,192000,72.38416,583732307942708,14230000,45495,141135602177701,3115,324026285720692,89.99,0.199048270059943
Chongqing,15,2002,52.43,700000,42.12593,621383620972146,28140000,6893,18638037585911,218,824494308075094,67.28,426730418943534
Fujian,29,2002,64.56,193000,33.53337,781609365303244,34760000,59400,182049281186275,1100,118781235626327,66.06,473238025415445
Gansu,11,2002,78.76,427000,40.24288,214343233366435,25310000,2166,149191514659724,54,276113406329391,62.98,490997624703088
Guangdong,20,2002,233.43,974000,42.21173,131182105162979,88420000,236354,118360917107672,5091,111589013493154,73.86,523061318227054
Guangxi,19,2002,46.64,683000,42.24325,66291020979021,48220000,10444,381274628245882,321,120955377213301,55.21,385584878744651
Guizhou,18,2002,82.40,1325000,29.6589,333624016345593,38370000,1891,175016571811941,80,436034638262677,40.54,491231687466088
Hainan,30,2002,11.46,22000,20.44476,630901720226843,8030000,9851,198596687669628,92,802065362324744,58.68,295014285714286
Hebei,4,2002,274.59,1279000,72.69981,796292622601279,67350000,15477,611778747063365,167,166999053387733,54.13,623769841269841
Heilongjiang,1,2002,150.87,287000,31.13075,327016601511598,38130000,7468,37493528480556,297,125454437037008,76.84,49579689415611
Henan,23,2002,185.64,937000,59.76464,144241219551715,96130000,11816,422668333539221,145,145410896887503,45.18,481062017994859
Hubei,22,2002,141.91,539000,50.76468,582266283751776,56720000,15854,418627805997383,284,136821689954963,68.90,524141521461963
Hunan,21,2002,94.92,743000,47.12506,862585902185995,66290000,8681,378336254362533,311,102030846384401,57.13,379981485767184
Inner Mongolia,0,2002,115.63,731000,26.10527,486775977874358,23840000,2423,247892463009837,149,265727334346117,69.83,485915789473684
Jiangsu,25,2002,213.75,1120000,66.6272,901773956941351,74060000,125484,403339511287839,1050,10452230345469,56.66,676371909974173
Jiangxi,28,2002,61.00,293000,45.10941,629159677176045,42220000,9869,240872861654448,72,100877496729739,45.92,403945857260049
Jilin,2,2002,98.61,265000,37.75056,52763253007051,26990000,17912,355275143305219,86,126990912214187,71.55,573057218895542
Liaoning,3,2002,313.85,793000,41.13629,15461399570233,42030000,66408,137168245213006,550,131542389811253,72.43,74752276867031
Ningxia,10,2002,40.59,222000,44.87242,534755739672283,5720000,2260,553014360392124,2,451020378884546,66.88,446265912305516
Qinghai,12,2002,12.40,32000,26.95883,851233385826772,5290000,700,257992968822671,10,417951309885892,68.84,74957654723127
Shaanxi,9,2002,86.58,638000,44.1798,584203510480888,36620000,10625,296248711832308,351,150959776073095,69.45,508526410564226
Shandong,7,2002,261.69,1690000,65.19704,812714924496644,90820000,47087,246708121704964,472,118071170846048,63.99,628634269921695
Shanghai,26,2002,158.74,447000,64.89173,778034931506849,17130000,127964,180184358352834,2275,106548065597577,91.30,580112680074169
Shanxi,8,2002,335.42,1199000,44.34773,129111457134638,32940000,5769,267454593904005,75,357327690485989,64.08,640539721043056
Sichuan,16,2002,107.76,1117000,44.57408,113850091169346,81100000,11998,633105587756257,200,146845944287944,57.40,466423669078093
Tianjin,5,2002,77.40,235000,72.53223,207174623167849,10070000,36529,880882502776478,342,124548494911381,85.94,665810113519092
Xinjiang,13,2002,87.38,296000,42.42459,168880968592965,19050000,1144,261730079399282,99,120479802782388,68.22,424734133790738
Yunnan,17,2002,73.60,364000,22.3457,715363837279903,43330000,6055,344662145883345,419,161046370176829,59.19,411940844134264
Zhejiang,27,2002,153.32,624000,49.29272,960118200891686,47760000,43202,205630017396212,928,964819777207566,62.64,583729489342125
Anhui,24,2001,120.04,396000,54.3413,575367772893773,61280000,9208,560655615542094,105.68,121718862588497,41.83,510338180588434
Beijing,6,2001,85.52,201000,70.2579,534419680156658,13850000,42925,163673309025391,2945.99,369201938817665,88.49,236521291650585
Chongqing,15,2001,47.99,722000,38.7913,545464002189981,28290000,7024,220622406438738,163.41,914913741328279,63.33,46259526261586
Fujian,29,2001,55.50,200000,33.64066,723011410392365,34450000,51260,156549778755438,942.02,121607388822633,63.76,476477937267411
Gansu,11,2001,75.62,370000,43.61942,189110302788845,25230000,2464,15015189874061,44.81,279297169973306,59.48,513750646663218
Guangdong,20,2001,219.69,973000,43.12956,120006676204101,87330000,221823,105308991380914,4483.51,117021516989386,70.10,541984992583544
Guangxi,19,2001,43.98,697000,39.33784,590976341030195,47880000,10246,314158486989434,300.63,128949309153558,54.89,424439533949377
Guizhou,18,2001,78.42,1381000,28.87057,312357314148681,37990000,1599,182350782361973,68.73,44002526743123,40.46,489799528301887
Hainan,30,2001,8.85,20000,22.71956,56075395793499,7960000,21496,203252682358908,106.02,775014479650793,57.57,325769230769231
Hebei,4,2001,244.93,1289000,62.62286,688021562389537,66990000,14784,579292325395513,156.61,164185268096553,49.35,659277450338354
Heilongjiang,1,2001,152.32,292000,29.67887,293427596735983,38110000,7650,317252900131785,249.9,130277707839855,76.16,511284584980237
Henan,23,2001,171.32,897000,58.83459,127577258866694,95550000,10073,400172990632253,133.36,144216451808649,43.79,504477773762197
Hubei,22,2001,132.50,540000,49.27752,518791411849021,56580000,14143,40950878233095,200.75,146181727413143,66.87,534599589322382
Hunan,21,2001,87.95,762000,45.70263,766860263842438,65960000,6567,389667084219557,270.7,103999535532236,56.48,398076419785396
Inner Mongolia,0,2001,104.60,646000,29.3947,42935188267935,23810000,2217,235243288773338,137.4,273082688375019,66.24,520346793349169
Jiangsu,25,2001,198.20,1148000,58.37496,819755217196597,73590000,92001,333156809621059,822.02,105179678935385,54.64,655386947923533
Jiangxi,28,2001,57.72,306000,39.15429,585788873559733,41860000,7379,244252512647525,70.3,999004978148406,44.49,418035476718403
Jilin,2,2001,94.50,265000,39.48374,473446065162907,26910000,8098,346127463267202,75.79,159704715541827,70.45,587016216216216
Liaoning,3,2001,302.21,839000,46.49266,138720242184816,41940000,63797,136612434566184,463.03,131553641110414,71.68,772288045406172
Ningxia,10,2001,30.09,200000,50.35162,503011595521344,5630000,1062,746179502698348,2.73,451731619842866,64.43,496168224299065
Qinghai,12,2001,12.70,35000,32.30977,766022174840085,5230000,648,302442805918923,9.02,483063092602175,67.37,771515679442509
Shaanxi,9,2001,75.50,619000,44.5543,517131008227926,36530000,9596,312893264264498,308.71,212899858474942,67.49,536457489878542
Shandong,7,2001,246.10,1722000,53.4168,715907299454011,90410000,42516,239545171176514,382.41,122095545319236,63.00,635230649954775
Shanghai,26,2001,154.94,473000,53.51743,711447236180904,16680000,112688,161357965224298,1807.71,110339109271955,90.51,617070240295749
Shanxi,8,2001,273.77,1199000,42.3339,119645544847605,32720000,4935,265596066441366,59.47,358900276158132,57.02,646729003740224
Sichuan,16,2001,94.02,1135000,39.13667,100043861740958,81430000,10939,496040419560491,165.79,150410907362621,55.83,483459106669386
Tianjin,5,2001,75.59,268000,72.37723,167748538104089,10040000,34154,795359251100838,280.17,114517158412955,85.86,718458942632171
Xinjiang,13,2001,83.93,300000,38.94712,146132841192641,18760000,1120,191411734870429,98.56,137510145731111,67.47,427934254762794
Yunnan,17,2001,62.60,357000,19.27039,604885354523227,42870000,5377,327252064534118,367.01,166721486928619,56.58,424670289855072
Zhejiang,27,2001,141.02,592000,44.11364,88294117029651,47290000,34064,185772428494549,698.89,106349326242853,61.08,570414722654225
Anhui,24,2000,115.08,395300,47.26451,536424831365936,60930000,9144,558829963910671,86.21,117661083954325,40.29,534711433756806
Beijing,6,2000,86.51,224000,60.88931,495795153454784,13640000,40246,181594021093654,2768,47077446937485,89.05,274889290555807
Chongqing,15,2000,50.56,839400,37.44669,497101550493963,28490000,6602,228187481684433,138.4,909590496832523,61.43,515993071593534
Fujian,29,2000,55.37,225000,30.7951,67278522848034,34100000,47084,162332494972817,893.82,109405788796782,63.63,477895995218171
Gansu,11,2000,74.28,368500,41.71849,170597426573427,25150000,2565,112126135975447,54.63,239727290349728,58.48,54057225433526
Guangdong,20,2000,210.98,904700,35.53605,111692918021033,86500000,216510,114664141931067,4112.21,121690714869016,69.85,566716101694915
Guangxi,19,2000,43.99,830300,40.64318,534270685920578,47510000,10850,383481753224716,306.61,138592466720633,53.52,479801568989386
Guizhou,18,2000,80.92,1450100,28.93995,29026078309509,37560000,1493,198372544694145,60.92,391211307949806,40.34,513374827109267
Hainan,30,2000,6.90,20400,20.64541,512354835589942,7890000,23436,161262948276121,108.83,748622654134359,55.70,363252173913043
Hebei,4,2000,236.29,1321300,57.92484,647906493506493,66740000,14010,572268483975107,141.9,166958383150516,45.70,646643258426966
Heilongjiang,1,2000,156.42,296600,29.62273,275420473908413,38070000,8344,294094854106983,189.05,133342041359506,75.32,542040332147094
Henan,23,2000,161.30,876900,50.70852,116638060461308,94880000,11359,352310044696197,123.9,136539249419817,43.09,527659874924349
Hubei,22,2000,137.09,560400,44.23908,47636395758014,56460000,16670,396562828418994,145.72,147193186107503,64.92,562950900567481
Hunan,21,2000,80.78,772500,43.33794,704262005965697,65620000,7306,389370776754729,220.78,10112084014579,53.33,405470538955599
Inner Mongolia,0,2000,97.84,663800,25.31952,420491053677932,23720000,2536,338109583349746,126.45,288427671373331,62.60,571833333333333
Jiangsu,25,2000,197.49,1201800,49.5714,75781653730896,73270000,75004,323905049784037,723.84,106446580305551,52.46,659661185143181
Jiangxi,28,2000,56.25,323100,34.21609,534123056994819,41490000,6876,282232817901688,62.34,102887318183537,41.90,435666829506595
Jilin,2,2000,90.97,285700,37.90934,439044371711219,26820000,7661,302145995779682,58.04,165975701263221,70.12,576679245283019
Liaoning,3,2000,299.86,932400,42.21632,122806354450867,41840000,65543,14105677050661,382.65,138144231406596,71.30,744997143401257
Ningxia,10,2000,19.58,205800,50.26868,483414416411224,5540000,940,686295191130945,2.72,4615421623377,61.07,495948905109489
Qinghai,12,2000,10.92,32000,29.8684,741250027041644,5170000,577,258084940027969,7.2,505082441618129,65.88,849357429718876
Shaanxi,9,2000,67.23,623300,42.2048,471183622283587,36440000,8322,356395245243154,280.25,150311516311585,55.61,536027982899339
Shandong,7,2000,214.85,1795900,48.5645,641993305227656,89980000,38950,223676194167088,315.13,12079336557646,61.99,659082146453748
Shanghai,26,2000,150.31,464900,49.41239,661121178707224,16090000,98540,156030552083246,1612.67,118427183202093,89.93,639448698315467
Shanxi,8,2000,237.98,1201600,37.86165,10821721202346,32470000,4827,268114966784944,49.91,350677914266969,56.51,666669269816478
Sichuan,16,2000,93.33,1223000,37.38858,924888397421649,83290000,10107,44717625939296,121.87,127466296313849,52.72,524522774090181
Tianjin,5,2000,72.86,329900,58.34657,142125928143713,10010000,33086,832415083037735,231.76,123846370676515,85.37,739811860940695
Xinjiang,13,2000,83.26,310500,41.31114,130071106837607,18490000,1143,252851994693764,94.94,132878895100167,67.36,445573560767591
Yunnan,17,2000,59.28,385900,16.7052,54477614105328,42410000,4819,310432886063565,339.02,145276427962076,70.14,454479371316306
Zhejiang,27,2000,137.00,592800,40.891,840626737588653,46800000,29313,177141478462,513.97,102644381989746,60.39,600719527109662
